,MP ID,Breed,Gender,Age (years),KIT Pattern,Status,Ki67,AgNOR,AgNOR x Ki67,Slides,Kiupel,Patnaik,Lage,Scanned ,QF
0,MP-21-0009973,Mixed ,Fs,12,2,KIT-11,31.4,2.7,84.78,4,High,2,,x,94
1,MP-21-0009594,Mixed ,Mc,11,2,KIT-11,18.4,1.43,26.37,4,High,2,,x,90
2,MP-21-0009589,Boxer,Mc,6,2,KIT-11,13.4,2.57,34.39,4,High,3,,x,96
3,MP-21-0009587,?,?,?,2,KIT-11,17.8,3.2,56.96,4,High,2,,x,96
4,MP-21-0009586,Vizsla,Mc,11,2,KIT-11,36,3.7,133.2,4,Low,2,,x,98
5,MP-21-0009548,Rat Terrier,Fs,?,2,KIT-11,39.8,3.1,123.38,4,High,3,,x,97
6,MP-21-0009514,Mixed ,Mc,11,2,KIT-11,14,1.8,25.2,4,High,3,,x,98
7,MP-21-0009475,American Pit Bull,Mc,7,2,KIT-11,40.4,3.47,140.18,4,High,3,,x,24
8,MP-21-0009290,?,Fs,11,2,KIT-11,50,2.8,140.5,4,High,3,,x,98
9,MP-21-0009274,?,Mc,9,1,KIT-11,5,1.6,7.8,4,Low,2,,x,98
10,MP-21-0009235,Lhasa Apso,Mc,11,2,KIT-11,60,2.6,156.3,4,High,3,,x,96
11,MP-21-0009212,French Bulldog,Fs,8,2,KIT-11,28,2.6,73.9,4,High,2,,x,97
12,MP-21-0009179,?,?,?,2,KIT-11,36,3.2,116,4,High,3,sc,x,91
13,MP-21-0009134,Bulldog,Fs,11,2,KIT-11,70,2.7,189.8,4,High,3,,x,97
14,MP-21-0009115,?,Fs,5,2,KIT-11,50,2.8,141.3,4,High,2,,x,96
15,MP-21-0009113,Labrador,Fs,12,2,KIT-11,30,2.8,84.5,4,High,2,,x,97
16,MP-21-0009050,?,M,9,2,KIT-11,4,2.07,8.28,4,Low,2,sc,x,93
17,MP-21-0008988,French Bulldog,M,8,2,KIT-11,9.2,1.8,16.56,4,High,3,,x,98
18,MP-21-0008894,Tibetan Terrier,Mc,10,2,KIT-11,22.6,2.57,58.01,4,High,3,,x,94
19,MP-21-0007896,?,Fs,4,2,KIT-11,45,2.8,124.7,4,Low,2,,x ,97
20,MP-21-0006811,Mixed,Mc,6,3,KIT-11,?,?,?,2,High,3,,x,28
21,MP-21-0006757,Golden Retriever,Fs,5,2,KIT-11,27.6,4.47,123.33,4,High,3,,x,96
22,MP-21-0006365,?,Fs,7,2,KIT-11,75,2,153.5,4,High,3,,x,92
23,MP-21-0006280,Boxer,Fs,7,2,KIT-11,32,3,94.6,4,High,2,,x,97
24,MP-21-0005744,?,Fs,5,1,KIT-11,11,1.6,17.6,4,Low,2,,x,92
25,MP-21-0005500,Poodle,Mc,13,2,KIT-11,5,1.73,8.67,4,Low,2,,x,97
26,MP-21-0005475,Mixed ,Fs,9,2,KIT-11,14.4,1.33,19.15,4,High,2,,x,97
27,MP-21-0005446,Great Dane,Fs,7,2,KIT-11,18,2.36,42.6,4,High,3,,x,90
28,MP-21-0005077,?,?,?,1,KIT-11,18,2,35.8,4,Low,1,,x,97
29,MP-21-0005067,Mixed ,Fs,12,1,KIT-11,12,2.5,27.1,4,Low,2,,x,99
30,MP-21-0005039,Mixed,Mc,10,2,KIT-11,80,2.8,222.3,4,Low,2,sc,x,99
31,MP-21-0005027,?,?,?,2,KIT-11,45,3,135,4,High,2,,x,97
32,MP-21-0005024,Maltese Dog,Fs,14,2,KIT-11,75,3.2,242.8,4,High,3,,x,98
33,MP-21-0004823,?,Mc,9,2,KIT-11,9.2,1.53,14.12,4,High,2,,x,91
34,MP-21-0003988,Mixed,Mc,12,1,KIT-11,15,2,29.6,4,Low,2,,x,91
35,MP-21-0002781,Labrador ,Mc,6,2,KIT-11,54,2.8,151.2,4,High,2,,x,91
36,MP-21-0002779,?,Fs,8,2,KIT-11,37,3,111,4,High,2,,x,98
37,MP-21-0002713,Mixed,Mc,8,2,KIT-11,36,2.7,97.2,4,High,2,,x,90
38,MP-21-0002671,Yorkshire Terrier,Fs,11,2,KIT-11,31,2.7,83.7,4,High,2,,x,97
39,MP-21-0002609,?,?,?,2,KIT-11,36,2.7,97.2,4,Low,1,,x,98
40,MP-21-0001784,Labrador,Mc,12,2,KIT-11,36,3.1,110.2,4,High,2,,x,85
41,MP-21-0001757,Golden Retriver,F,5,2,KIT-11,30,3,90,4,High,2,,x,76
42,MP-21-0001718,Maltese Dog,Fs,13,2,KIT-11,26,2.8,79.9,4,Low,2,,x,99
43,MP-21-0001688,?,?,?,2,KIT-11,30,2.8,85.1,4,Low,2,,x,97
44,MP-21-0001291,?,Mc,12,2,KIT-11,20,3.16,63.33,4,High,3,,x,98
45,MP-21-0001088,Flat-Coated Retriever,F,?,3,KIT-11,26,5.4,140.4,4,Low,2,,x,88
46,MP-21-0001084,Springer Spaniel,Fs,8,2,KIT-11,27,2.9,78.3,4,Low,2,,x,86
47,MP-21-0001055,Rhodesian Ridgeback,Fs,5,1,KIT-11,15,1.8,27.3,4,Low,2,,x,94
48,MP-21-0001023,?,?,?,2,KIT-11,40,2.8,112.2,4,Low,2,,x,98
49,MP-21-0001019 B,Labrador,Mc,10,1,KIT-11,15,2.1,31.5,4,Low,2,,x,95
50,MP-21-0000969,Labrador,Mc,?,2,KIT-11,34,3,100.5,4,High,3,,x,97
51,MP-21-0000895,Mixed,Fs,9,2,KIT-11,40,2.8,112.9,4,Low,2,,x,96
52,MP-21-0000490,Shih tzu,Mc,7,2,KIT-11,6.4,1.5,9.6,4,High,2,,x,93
53,MP-21-0000400,Mixed,Mc,4,2,KIT-11,3,1.7,5.1,4,Low,2,,x,95
54,MP-21-0000379,Yorkshire Terrier,Fs,2,2,KIT-11,5.6,1.43,8.03,4,Low,2,,x,94
55,MP-21-0000375,?,?,?,2,KIT-11,14,2.3,32.2,4,High,2,,x,99
56,MP-21-0000305,?,?,?,2,KIT-11,12,2.67,32.04,4,High,2,,x,80
57,MP-21-0000146,?,?,?,2,KIT-11,8.2,2.37,19.43,4,Low,2,,x,85
58,MP-20-0015808,Boxer,Fs,10,2,KIT-11,60,2.8,167.3,4,Low,2,,x,97
59,MP-20-0015628,Mixed,Fs,9,2,KIT-11,24,2.9,69.6,4,High,2,,x,98
60,MP-20-0015275,Chihuahua,?,?,2,KIT-11,42,3.1,128.5,4,High,3,,x,98
61,MP-20-0015272,Boxer,Mc,9,2,KIT-11,60,3.1,187.7,4,High,2,sc,x,81
62,MP-20-0015231,Labrador,Mc,7,2,KIT-11,30,2.7,79.7,4,High,2,,x,32
63,MP-20-0015012,?,?,?,2,KIT-11,3.4,1.97,6.69,4,Low,2,sc,x,97
64,IH-20-0014949,Mixed,Mc,7,2,KIT-11,?,?,?,2,High,3,,x,98
65,MP-20-0014785,?,?,?,2,KIT-11,8.4,2.43,20.44,4,Low,2,,x,"""0"""
66,MP-20-0014732,Mixed ,Fs,10,2,KIT-11,23.6,2.47,58.21,4,High,3,,x,97
67,MP-20-0014002,Shiba Inu,Fs,12,2,KIT-11,30,2.7,80.9,4,Low,2,,x,87
68,MP-20-0013991,Bichon Fris√©,Mc,12,2,KIT-11,36,2.5,91.6,4,High,2,,x,88
69,MP-20-0013951,Dachshund,Mc,13,2,KIT-11,60,2.8,169.1,4,Low,2,sc,x,90
70,MP-20-0013949,Shih TzufS,Fs,12,2,KIT-11,60,2.8,168,4,High,2,,x,98
71,MP-20-0013853,Boxer,Fs,4,2,KIT-11,38,3.2,120.5,4,High,3,,x,98
72,MP-20-0013838,Rhodesian Ridgeback,Mc,10,2,KIT-11,45,3,134.4,4,High,2,,x,97
73,MP-20-0013067,?,?,?,2,KIT-11,36,3,109.1,4,High,3,,x,99
74,MP-20-0012825,Mixed ,?,?,2,KIT-11,40,2.8,110.8,4,Low,3,,x,99
75,MP-20-0011820,Mixed,Fs,16,2,KIT-11,36,2.9,102.8,4,Low,2,sc,x,95
76,MP-20-0011816,Great Dane,Fs,6,2,KIT-11,25,2.6,66.7,4,High,2,,x,86
77,MP-20-0011509,?,?,?,2,KIT-11,30,2.8,83.4,4,Low,2,,x,96
78,MP-20-0008713,Labrador,Fs,7,2,KIT-11,24.5,3.2,78.4,4,Low,2,,x,91
79,MP-20-0008560,Mixed ,Mc,11,2,KIT-11,47,3.6,169.2,4,High,3,,x,92
80,MP-19-0013692,Labrador ,Fs,8,2,KIT-11,41,3.9,159.9,4,High,3,sc,x,98
81,MP-19-0013630,?,?,?,2,KIT-11,9,1.8,16.2,4,Low,2,,x,98
82,MP-19-0013598,Labrador ,Fs,9,2,KIT-11,14,2.2,30.8,4,High,3,,x,97
83,MP-19-0013558,Mixed,Fs,8,2,KIT-11,18,1.8,32.4,4,Low,2,,x,93
84,MP-19-0006084,Golden Retriever,Fs,6,1,KIT-11,10,2.1,21,4,Low,2,sc,x,97
85,MP-19-0006142,Mixed ,Mc,12,2,KIT-11,44,2.6,114.4,4,High,2,,x,97
86,MP-19-0006053,Mixed ,Mc,11,2,KIT-11,18,2.4,43.2,4,Low,2,,x,93
87,MP-19-0005121,?,?,?,1,KIT-11,9,2.1,18.9,4,Low,2,,x,97
88,MP-19-0004982,?,?,11,2,KIT-11,29,2.6,75.4,4,High,2,,x,98
89,MP-19-0004914,Maltese Dog,Mc,8,1,KIT-11,22,2.1,46.2,4,Low,2,,x,98
90,MP-19-0004795,?,?,?,1,KIT-11,7,1.5,10.5,4,Low,2,,x,98
91,MP-19-0004782,Golden Retriver,Mc,5,2,KIT-11,15.6,1.9,29.64,4,Low,2,,x,98
92,MP-19-0004680,Mixed ,Fs,5,2,KIT-11,25.4,2.09,53,4,Low,2,,x,97
93,MP-19-0004621,?,?,?,1,KIT-11,28.2,2.12,59.78,4,Low,2,,x,83
94,MP-19-0004535,Bernese Mountain Dog,Fs,10,2,KIT-11,67,2.12,142,4,High,3,,x,98
95,MP-19-0004525,?,?,?,2,KIT-11,41.8,2.12,88.61,4,Low,2,,x,90
96,MP-21-0013711 ,Bulldog,Fs,10,2,KIT-11,65,,1.6,104,High,2,,x,
97,MP-21-0013300 ,Doberman Pinscher,Fs,6,2,KIT-11,47,2.5,117.5,4,Low,2,,x,
98,MP-21-0013235,Bernese Mountain Dog,Fs,7,2,KIT-11,10,2,20,4,High,2,sc,x,
99,MP-21-0013187 ,Golden Retriever,F ,8,2,KIT-11,76,2.9,255.4,3,High,2,,x,
100,MP-21-0013159 ,Affenpinscher,?,6,2,KIT-11,196,3.2,627.2,4,High,3,,x,
101,MP-21-0013158 ,?,Fs,8,2,KIT-11,38,2,76,4,High,2,,x,
102,MP-21-0013151,?,Mc,10,2,KIT-11,85,3.2,272,4,High,3,,x,
103,MP-21-0013078-1,Mixed ,Fs,?,2,KIT-11,48,2,96,4,Low,2,,x,
104,MP-21-0013078-2,Mixed ,Fs,?,2,KIT-11,29,2.2,63.8,4,High,2,,x,
105,MP-21-0012910 ,Labrador ,Fs,10,2,KIT-11,7,1.8,12.6,4,Low,2,,x,
106,MP-21-0012901 ,Yorkshire Terrier,Mc,11,2,KIT-11,9,1.4,12.6,4,Low,2,,x,
107,MP-21-0012871,?,?,?,2,KIT-11,31,1.8,55.8,4,Low,2,,x,
108,MP-21-0012049 ,"Poodle, Toy",Fs,12,2,KIT-11,48,2.5,120,4,High,2,,x,
109,MP-21-0011216,Mixed ,Fs,12,2,KIT-11,47,1.9,89.3,4,High,2,,x,
110,MP-21-0011186 ,Labrador ,Fs,12,2,KIT-11,47,2,94,4,High,2,,x,
111,MP-21-0011163 ,?,?,9,2,KIT-11,100,2.9,290,4,High,2,,x,
112,MP-21-0011052 ,Labrador ,Fs,4,2,KIT-11,175,2.4,420,4,High,2,,x,
113,MP-21-0010964,Mixed ,Fs,11,2,KIT-11,4,1.6,6.4,2,Low,2,,x,
114,MP-21-0010878,?,?,?,2,KIT-11,60,3.1,186,4,Low,2,,x,
115,MP-21-0007582 ,Mixed ,Mc,8,2,KIT-11,83,3.6,298.8,1,High,3,,x,
116,MP-21-0004476 ,American Pit Bull ,Fs,2,2,KIT-11,57,3,171,4,High,2,,x,
117,MP-21-0004458,Mixed,Fs,8,2,KIT-11,16,1.7,27.2,4,Low,2,,x,
118,MP-21-0004444,?,?,?,2,KIT-11,68,2.5,170,4,Low,2,,x,
119,MP-21-0004320 ,American Pit Bull ,Mc,9,1,KIT-11,16,2.6,42,1,Low,2,,x,
120,MP-21-0004311,Boxer,Fs,5,2,KIT-11,59,1.9,112.1,4,High,3,,x,
121,MP-21-0004299,?,Fs,9,2,KIT-11,36,2.9,105.4,2,High,2,,x,
122,MP-21-0004288,Labrador,M,10,2,KIT-11,60,3,182.6,5,High,2,,x,
123,MP-21-0004163 ,Dachshund,Fs,11,2,KIT-11,55,2.9,158.9,,High,2,,x,
124,MP-21-0004140 ,Golden Retriever,M,4,2,KIT-11,65,3.3,214.2,3,High,3,mc,x,
125,MP-21-0003900,?,?,?,2,KIT-11,35,2,70,4,Low,2,,x,
126,MP-21-0002488,Miniature Schnauzer,Fs,10,2,KIT-11,18,1.5,27,4,High,3,,x,
127,MP-21-0002433 ,Doberman Pinscher,Fs,11,2,KIT-11,28,1.5,42,4,High,3,,x,
128,MP-21-0002389 ,Chesapeake Bay Retriever,Mc,7,2,KIT-11,14,1.4,19.6,4,Low,2,,x,
129,MP-21-0002348 ,French Bulldog,Mc,9,2,KIT-11,23,2.4,55.2,4,Low,2,,x,
130,MP-21-0002300 ,Jack Russell Terrier,M,5,2,KIT-11,11,1.9,20.9,4,Low,2,,x,
131,MP-21-0000852 ,Labrador Retriever,Mc,4,2,KIT-11,14,1.8,56.5,4,High,2,,x,
132,MP-21-0000659 ,Bichon Frise,Fs,3,2,KIT-11,19,2.6,49.4,4,Low,2,,x,
133,MP-21-0000648 ,American Pit Bull ,?,1,2,KIT-11,39,2.2,85.8,4,High,2,,x,
134,MP-21-0000604,?,Mc,9,2,KIT-11,16,1.5,24,4,Low,2,sc,x,
135,MP-21-0000585,Maltese Dog,Fs,4,2,KIT-11,10,1.6,16,4,Low,2,sc,x,
136,MP-21-0000518,?,Fs,7,2,KIT-11,35,2,70,4,High,2,,x,
137,MP-20-0014084,Maltese Dog,Fs,7,2,KIT-11,85,2.2,187,4,High,3,,x,
138,MP-20-0012053,Mixed,Mc,9,2,KIT-11,12,2.4,28.8,4,High,3,,x,
139,MP-20-0009016,Poodle,Mc,10,2,KIT-11,11,1.8,19.8,4,Low,2,,x,
140,MP-20-0008986 ,French Bulldog,Mc,6,2,KIT-11,45,2,90,4,High,2,,x,
141,MP-20-0008897 ,Boston Terrier,Fs,6,2,KIT-11,31,3,93,5,High,2,,x,
142,MP-20-0008886 ,Mixed ,Fs,6,2,KIT-11,40,3,120,4,High,2,sc,x,
143,MP-20-0008774,?,?,?,2,KIT-11,62,3.5,217.6,4,Low,2,,x,
144,MP-20-0003427 ,Rat Terrier,F,10,2,KIT-11,45,2,90,4,High,2,,x,
145,MP-20-0002232 ,Labrador,Mc,13,2,KIT-11,48,1.9,91.2,4,Low,2,,x,
146,MP-20-0002151,Papillon,Mc,13,2,KIT-11,7,2,14,4,High,2,,x,
147,MP-20-0002148 ,?,F,3,2,KIT-11,20,1.6,32,4,Low,2,,x,
148,MP-20-0002127,Schnauzer ,Mc,11,2,KIT-11,60,2.5,150,4,High,2,,x,
149,MP-20-0002081 ,Vizsla,Mc,12,2,KIT-11,55,3.9,214.5,4,High,3,,x,
150,MP-20-0002008,Golden Retriever,M,6,1,KIT-11,6,2.1,12.6,4,Low,2,,x,
151,MP-20-0001931,Boxer,?,4,2,KIT-11,80,2.8,224,4,High,2,,x,
152,MP-19-0010139 ,Mixed ,Mc,10,2,KIT-11,80,1.9,152,4,High,2,,x,
153,MP-19-0010011 ,Labrador ,M,11,2,KIT-11,156,2.5,390,4,High,2,,x,
154,MP-19-0008555 ,Boston Terrier,Mc,11,2,KIT-11,89,2,178,4,High,2,,x,
155,MP-19-0008554-3 ,French Bulldog,Fs,13,2,KIT-11,8,1.7,13.6,4,Low,2,,x,
156,MP-19-0008528,Boxer,Mc,8,2,KIT-11,23,1.5,34.5,4,High,3,,x,
157,MP-19-0008491 ,Bulldog ,F,9,2,KIT-11,28,2.4,67.2,4,High,2,,x,
158,MP-19-0008488 ,Golden Retriever,M,12,2,KIT-11,28,2,56,4,High,2,,x,
159,MP-19-0008089,?,?,?,2,KIT-11,27,2.7,72.9,4,High,2,,x,
160,MP-19-0004473 ,?,Fs,7,2,KIT-11,122,2.2,268.4,4,High,3,,x,
161,MP-19-0004383 ,Labrador ,Fs,8,2,KIT-11,38,1.8,68.4,4,Low,1,,x,
162,MP-19-0004249 ,Golden Retriever,Fs,7 Mo,2,KIT-11,7,2.3,16.1,4,Low,1,,x,
163,MP-19-0004225,Mixed ,Mc,6,2,KIT-11,75,1.8,135,4,High,2,,x,
164,MP-19-0003150 ,Mixed ,Fs,12,2,KIT-11,10,2,20,4,High,2,,x,
165,MP-19-0003131 ,Pointer,F,2,2,KIT-11,15,2.3,34.5,4,Low,2,,x,
166,MP-19-0003121 ,?,?,?,2,KIT-11,24,1.8,43.2,4,High,3,,x,
167,MP-19-0003064,?,?,?,3,KIT-11,48,2,96,4,High,3,,x,
168,MP-19-0003057,Mixed ,Fs,13,2,KIT-11,66,2.3,151.8,4,Low,2,,x,
169,MP-19-0003037,?,F,8,2,KIT-11,11,2.1,23.1,4,Low,2,,x,
170,MP-18-0015783,Shih Tzu,Mc,7,2,KIT-11,8,2,16,4,High,2,sc,x,
171,MP-18-0013101 ,Labrador ,Mc,9,2,KIT-11,84,2.3,193.2,4,High,3,,x,
172,MP-18-0012961,?,Fs,11,2,KIT-11,13,1.4,18.2,4,High,2,,x,
173,MP-18-0012930 ,Bulldog,Mc,5,2,KIT-11,6,1.3,7.8,4,High,2,,x,
174,MP-18-0007672 ,?,?,?,2,KIT-11,75,2.5,187.5,4,High,3,sc,x,
175,MP-18-0007606,Maltese ,Mc,8,2,KIT-11,41,1.9,77.9,4,High,2,,x,
176,PM-18-0007540,Labrador,Fs,7,2,KIT-11,74,2.3,170.2,4,High,3,,,
177,MP-18-0007528,?,?,?,2,KIT-11,38,2.5,95,4,High,2,sc,x,
178,MP-18-0007443 ,Poodle,Mc,6,2,KIT-11,17,1.9,32.3,4,High,3,,x,
179,MP-18-0006977,Labrador ,Mc,9,2,KIT-11,7,1.2,8.2,4,Low,2,,x,
180,MP-18-0005024,?,M,5,2,KIT-11,45,3.2,144,4,High,3,,x,
181,MP-18-0003955,Labrador ,Fs,6,2,KIT-11,25,1.9,47.5,4,High,2,,x,
182,MP-18-0003823 ,Mixed ,Mc,4,2,KIT-11,56,4,224,4,High,2,,x,
183,MP-18-0003794 ,Chihuahua,Mc,10,2,KIT-11,7,1.7,11.9,4,Low,2,,x,
184,MP-18-0003739 ,?,M,9,2,KIT-11,18,2.3,41.4,4,Low,2,,x,
185,MP-18-0003642 ,?,Mc,9,2,KIT-11,43,3.1,133.3,4,High,3,,x,
186,MP-18-0002484,?,Fs,8,2,KIT-11,62,2,124,4,High,3,,x,
187,MP-18-0002437 ,Mixed ,Fs,6,2,KIT-11,21,1.5,31.5,4,High,2,,x,
188,MP-18-0002364,Mixed ,Mc,7,2,KIT-11,66,2.8,184.8,5,High,3,,x,
189,MP-18-0001140 ,?,Fs,9,2,KIT-11,47,2.8,181.8,4,High,2,,x,
190,MP-18-0000802,Labrador ,Mc,7 Mo,2,KIT-11,16,1.5,24,4,Low,2,,x,
191,MP-17-0014076,Golden Retriever,Fs,8,2,KIT-11,9,2.3,20.7,4,High,3,,x,
192,MP-17-0014072 ,Labrador ,F,11,2,KIT-11,32,3,96,4,High,3,,x,
193,MP-17-0014039,"Poodle, Toy",Fs,7,2,KIT-11,42,2,84,4,Low,2,,x,
194,MP-17-0013882,Bullmastiff,Fs,6,2,KIT-11,24,2.6,62.4,4,Low,2,,x,
195,MP-17-0003378,Labrador ,M,8,2,KIT-11,55,2,110,4,High,3,,x,
196,MP-17-0003344,Mixed ,Fs,7,2,KIT-11,64,2.1,134.4,4,Low,2,,x,
197,MP-21-0009796,?,?,?,2,KIT-8,17,1.6,27.2,4,Low,2,,x,
198,MP-21-0009691,Bulldog,?,?,2,KIT-8,14.4,1.97,28.32,4,Low,2,,x,
199,MP-21-0009595,Mixed ,Fs,5,2,KIT-8,8.4,1.6,13.44,4,Low,2,,x,
200,MP-21-0009205,Labrador,Mc,7,1,KIT-8,7,1.9,13,4,High,2,,x,
201,MP-21-0009129,Labrador,F,5,2,KIT-8,48,3.1,148.2,4,Low,2,,x,
202,MP-21-0008977,?,?,?,1,KIT-8,12.2,1.73,21.15,4,Low,2,,x,
203,MP-21-0006263,?,Mc,6,1,KIT-8,18,2,36.5,4,Low,2,,x,
204,MP-21-0006023,?,Fs,9,2,KIT-8,5.6,1.37,7.65,4,Low,2,,x,
205,MP-21-0005473,?,Mc,7,2,KIT-8,2.8,1.73,4.85,4,Low,2,,x,
206,MP-21-0005001,?,Fs,8,2,KIT-8,26,3,78,4,Low,2,,x,
207,MP-21-0004891,?,?,?,2,KIT-8,9.4,2.47,23.22,4,Low,2,,x,
208,MP-21-0004764,?,?,?,2,KIT-8,10.8,1.57,16.9,3 kein HE,.,.,,x,
209,MP-21-0004272,Duck Tolling Retriever,Fs,9,2,KIT-8,40,3,120.6,4,Low,2,,x,
210,MP-21-0002641,?,Mc,6,2,KIT-8,4,1.5,6,4,Low,2,,x,
211,MP-21-0001832,Gordon Setter,Fs,6,2,KIT-8,26,2.8,72.6,4,Low,2,,x,
212,MP-21-0001622,?,?,?,1,KIT-8,12,1.9,23.3,4,Low,2,,x,
213,MP-21-0001052,Labrador,Fs,12,2,KIT-8,75,2.5,186.4,4,Low,2,,x,
214,MP-21-0000068,Mixed,Fs,10,2,KIT-8,36,2.5,90.3,4,Low,2,,x,
215,MP-20-0015687,Labrador,Mc,4,1,KIT-8,6,2.07,12.4,4,Low,1,,x,
216,MP-20-0015375,Labrador,Fs,0.66,1,KIT-8,12,2,24,4,Low,2,,x,
217,MP-20-0015373,?,Mc,7,1,KIT-8,15,2,30,4,Low,2,,x,
218,MP-20-0015288,Blue Heeler,Fs,10,2,KIT-8,55,2.7,149.7,4,Low,2,,x,
219,MP-20-0014707,Labrador,Fs,5,1,KIT-8,2.4,2.27,5.44,4,Low,2,,x,
220,MP-20-0014684,Mixed,Mc,11,2,KIT-8,11.4,2.83,32.3,4,Low,2,,x,
221,MP-20-0014007,Canaan Dog,Fs,8,1,KIT-8,10,1.7,17.2,4,Low,2,,x,
222,MP-20-0013986,Mixed,Fs,4,2,KIT-8,45,2.6,116.7,4,Low,2,,x,
223,MP-20-0013073,?,?,?,2,KIT-8,36,2.5,89.8,4,Low,2,,x,
224,MP-20-0013069 1,Mixed,?,?,2,KIT-8,60,2.8,166.8,4,Low,2,,x,
225,MP-20-0013069 2,Mixed,?,?,2,KIT-8,50,2.7,134.3,4,Low,2,,x,
226,MP-20-0012986,Pug,Fs,5,1,KIT-8,3,1.7,5,4,Low,2,,x,
227,MP-20-0012917,Mixed ,?,?,1,KIT-8,6,2,12.1,4,Low,2,,x,
228,MP-20-0012902,?,?,?,2,KIT-8,28,2.6,73.8,4,Low,2,,x,
229,MP-20-0008714,Heeler,Mc,8,2,KIT-8,6,1.9,11.4,4,Low,2,,x,
230,MP-20-0008628,Flat-Coated Retriever,F,1,2,KIT-8,14,1.9,26.6,4,Low,2,,x,
231,MP-20-0007158,Yorkshire Terrier,Mc,2,2,KIT-8,29,2.4,69.6,4,Low,2,,x,
232,MP-19-0013732,American Pit Bull,Fs,8,2,KIT-8,33,2.8,92.4,4,Low,2,,x,
233,MP-19-0006130,Shar-Pei,Fs,12,2,KIT-8,41,2.9,118.9,4,High,2,,x,
234,MP-19-0006122,?,?,?,1,KIT-8,3,1.7,5.1,4,Low,2,,x,
235,MP-19-0005110,Jack Russell Terrier,M,7,1,KIT-8,5,1.7,8.5,4,Low,2,,x,
236,MP-21-0012953 ,American Pit Bull Terrier,Mc,3,2,KIT-8,55,2.2,121,4,High,2,,x,
237,MP-21-0010948,Mixed ,Fs,7,2,KIT-8,21,1.8,37.8,4,High,2,,x,
238,MP-21-0004174,Mixed ,Mc,12,1,KIT-8,4,2,8.1,4,Low,2,,x,
239,MP-21-0002463,Mixed ,Mc,2,2,KIT-8,23,2.5,57.5,4,Low,2,,x,
240,MP-21-0002390,?,?,?,2,KIT-8,7,1.8,12.6,4,Low,2,,x,
241,MP-21-0000767,German Shepherd,Fs,6,2,KIT-8,2,12,1.8,4,Low,2,,x,
242,MP-21-0000755,?,?,?,1,KIT-8,5,1.2,6,4,Low,2,sc,x,
243,MP-20-0014258,?,?,?,1,KIT-8,4,1.3,5.2,4,Low,2,,x,
244,MP-19-0010072 ,Mixed ,Mc,6,1,KIT-8,1,1.4,1.4,4,Low,2,mc,x,
245,MP-19-0010014-2,Pug,M,10,2,KIT-8,11,1.2,22.4,1,Low,1,,x,
246,MP-19-0004404,Beagle,M,8,2,KIT-8,19,1.7,32.3,4,Low,2,sc,x,
247,MP-18-0007658 ,Dachshund,Fs,10,2,KIT-8,8,1.8,14.4,4,Low,1,sc,x,
248,MP-18-0006930 ,Shih Tzu,M,2,2,KIT-8,44,1.8,123.2,4,Low,2,sc,x,
249,MP-18-0005177,?,?,?,2,KIT-8,7,1.6,11.2,4,Low,2,,x,
250,MP-18-0003954 ,Mixed ,Fs,11,2,KIT-8,24,1.6,38.4,4,Low,2,,x,
251,MP-18-0003886 ,?,?,?,2,KIT-8,74,2.5,185,4,Low,2,,x,
252,MP-18-0002458 ,Cockapoo,Fs,5,2,KIT-8,90,2.9,261,4,Low,2,sc,x,
253,MP-18-0001186 ,Boston Terrier,Fs,11,1,KIT-8,13,1.4,18.2,4,Low,2,,x,
254,MP-17-0003222 ,Welsh Corgi,Mc,6,2,KIT-8,15,2,30,4,Low,2,sc,x,
255,MP-21-0011136,Mixed ,Fs,11,2,neg,35,2.3,80.5,4,High,2,,,
256,MP-21-0011075,Mixed ,Mc,13,2,neg,125,2.9,362.5,4,High,3,,x,
257,MP-21-0010170,?,Fs,6,3,neg,37.6,2.17,81.47,4,High,3,,x,
258,MP-21-0009626,Great dane,Fs,4,3,neg,20.6,3.03,62.49,4,High,3,,x,
259,MP-21-0009505,?,Mc,10,2,neg,11.8,1.73,20.45,4,High,3,,x,
260,MP-21-0007976,?,Mc,9,2,neg,32,3,95.1,4,High,3,,x,
261,MP-21-0006773,Labrador,Fs,10,2,neg,9,1.6,14.4,4,High,3,,,
262,MP-21-0005848,Mixed ,Fs,?,2,neg,4.2,2.27,9.53,4,High,3,,x,
263,MP-21-0004978,Labrador ,Mc,13,2,neg,75,3.5,259.4,4,High,3,,x,
264,MP-21-0004248,American Pit Bull,Mc,7,2,neg,70,2.9,202.7,4,High,3,,x,
265,MP-21-0001185,French Bulldog,Fs,7,2,neg,54,3.6,194.4,4,High,3,,x,
266,MP-21-0000331,English Setter,Mc,7,1,neg,4.8,1.83,8.8,4,High,3,,x,
267,IH-21-0000148,Keeshond,M,11,1,neg,15,2,29.6,4,High,3,,x,
268,MP-21-0000027,?,Fs,7,2,neg,35,3,103.4,4,High,3,,x,
269,MP-21-0000007,?,?,?,2,neg,60,2.8,168.2,4,High,3,,x,
270,MP-20-0015824,Labrador,Mc,10,2,neg,80,3.3,264.6,4,High,3,,x,
271,MP-20-0015656,Beagle,Mc,11,2,neg,12.8,3.43,43.95,4,High,3,,x,
272,MP-20-0015095,Labrador,Mc,11,2,neg,28,3,84,4,High,3,,x,
273,MP-20-0014623,?,Fs,6,3,neg,25.8,2.13,54.95,4,High,3,,x,
274,MP-20-0014231,Golden Retriever,Mc,9,2,neg,11,1.7,18.7,4,High,3,,x,
275,MP-20-0008547,Puf,Fs,10,2,neg,38,4.2,159.6,4,High,3,,x,
276,MP-20-0007011,Basenji,Mc,6,2,neg,56,3.1,175.6,4,High,3,,x,
277,MP-20-0006950,Schnauzer,Mc,11,2,neg,40,2.6,104,4,High,3,,,Als 9650_H3 !!
278,MP-19-0006552,Mixed ,Fs,10,2,neg,18,2.2,39.6,4,High,3,,,
279,MP-19-0006379,?,Fs,7,2,neg,30,2.5,75,4,High,3,,,
280,MP-19-0005093,Mixed ,Fs,?,1,neg,26,2.7,70.2,4,High,3,,,
281,MP-19-0005081,Maltese Dog,Mc,9,1,neg,24.2,2.64,63.88,4,High,3,,,
282,MP-18-0012909,Vizsla,F,12,2,neg,56,3.3,184.8,4,High,3,,,
283,MP-17-0003345,Mixed ,Fs,4,2,neg,66,2.7,178.2,4,High,3,,,
284,MP-17-0003290-3,Labrador Retriever,Fs,14,2,neg,57,3,171,4,High,2,,,
285,MP-21-0012908,Greyhound ,Fs,10,2,neg,9,2.6,23.4,4,High,2,,x,
286,MP-21-0009863,?,Fs,9,2,neg,19,1.9,39.1,4,High,2,,x,
287,MP-21-0009819,Labrador,Mc,5,2,neg,28.2,3.23,91.18,4,High,2,,x,
288,MP-21-0009735,Yorkshire Terrier,Fs,11,2,neg,27,2.67,72.09,4,High,2,,x,
289,MP-21-0009231,Pug,Mc,9,2,neg,60,3.4,202.1,4,High,2,,x,
290,MP-21-0009224,Pug,Fs,9,2,neg,27,3.4,91.3,4,High,2,,x,
291,MP-21-0007965,Mixed,Mc,3,2,neg,36,3,108,4,High,2,,x,
292,MP-21-0007880,?,M,7,2,neg,34,3,100.6,4,High,2,,x,
293,MP-21-0007879,?,Fs,11,2,neg,80,2.9,228.6,4,High,2,,x,
294,MP-21-0006784,Labrador,Fs,6,2,neg,23.8,3.33,79.33,4,High,2,,x,
295,MP-21-0006327,?,?,?,2,neg,40,3,121.7,4,Low,2,,x,
296,MP-21-0006282,Labrador ,M,8,2,neg,46,2.9,134.2,4,Low,2,,x,
297,MP-21-0005647,American Pit Bull ,Mc,5,2,neg,16.8,1.67,28,4,High,2,,x,
298,MP-21-0005469,Mixed,Fs,0.5,2,neg,12.6,2.5,31.5,4,High,2,,x,
299,MP-21-0004091,Mixed,F,10,2,neg,35,3,106.1,4,High,2,,x,
300,MP-21-0002655,French Bulldog,Mc,5,2,neg,32,2.8,89.6,4,High,2,,x,
301,MP-21-0001156,Mixed,Mc,13,3,neg,31,2.4,74.4,4,High,2,,x,
302,MP-20-0015825,American Pit Bull,Fs,4,2,neg,36,2.9,104,4,High,2,,x,
303,MP-20-0011679,?,M,10,1,neg,3,1.8,5.4,4,High,2,,x,
304,MP-20-0011453,?,Mc,8,2,neg,32,3,97.4,4,High,2,,x,
305,MP-20-0009515,Mixed,Fs,12,2,neg,21,2.8,58.8,4,High,2,,x,
306,MP-20-0008559,Mixed,Fs,12,2,neg,65,1.4,91,4,Low,2,,x,
307,MP-20-0008507,Mixed,Fs,10,2,neg,34,3.9,132.6,4,High,2,,x,
308,MP-20-0007025,Mixed,Fs,5,2,neg,36,2.4,86.4,4,High,2,,x,
309,MP-19-0013660,Shih Tzu,Mc,10,2,neg,27,3.7,99.9,4,High,2,,x,
310,MP-19-0006378,Staffordshire Terrier,Fs,4,2,neg,24,2.3,55.2,4,High,2,,x,
311,MP-19-0006066,Shiba Inu,Fs,11,2,neg,27,2.9,78.3,4,High,2,,,
312,MP-21-0010227,Mixed ,Fs,11,2,neg,21.4,3.1,66.34,4,Low,2,,x,
313,MP-21-0009981,Labrador ,M,6,2,neg,17,2.4,40.8,4,Low,2,,x,
314,MP-21-0009967,Pug,Mc,8,3,neg,27,1.83,49.41,4,Low,2,,x,
315,MP-21-0009909,Boston Terrier,Fs,8,2,neg,15.2,1.4,21.28,4,Low,2,,x,
316,MP-21-0009862,?,Fs,9,2,neg,14.2,2.37,33.65,4,Low,2,,x,
317,MP-21-0009827,Mixed,Mc,10,2,neg,12.8,1.63,20.91,4,Low,2,,x,
318,MP-21-0009826,Boxer,Fs,4,2,neg,42.8,2.23,95.59,4,Low,2,,x,
319,MP-21-0009625,Mixed,Mc,7,2,neg,12.8,1.67,21.33,4,Low,2,,x,
320,MP-21-0009585,Bernese Mountain Dog,Mc,8,2,neg,6.2,1.5,9.3,4,Low,2,,x,
321,MP-21-0009359,Cocker Spaniel,Fs,11,1,neg,10,1.9,19.3,4,Low,2,,x,
322,MP-21-0009358,Rotweiler,Fs,7,1,neg,3,1.9,5.6,4,Low,2,,x,
323,MP-21-0009356,Chihuahua,Fs,10,1,neg,6,1.8,10.5,4,Low,2,,x,
324,MP-21-0009275,?,Fs,5,1,neg,16,2,32,4,Low,2,,x,
325,MP-21-0009273,Boxer,Mc,?,1,neg,13,1.6,20.9,4,Low,2,,x,
326,MP-21-0009241,Mixed,Fs,3,1,neg,12,1.8,22,4,Low,2,,x,
327,MP-21-0009131,?,Fs,5,1,neg,9,1.9,17.4,4,Low,2,,x,
328,MP-21-0009130,Chow Chow,Mc,11,1,neg,17,2.1,35.4,4,Low,2,,x,
329,MP-21-0009128,?,Mc,12,1,neg,8,1.8,14.2,4,Low,2,,x,
330,MP-21-0009127,Labrador,Mc,6,2,neg,20,2.9,86.6,4,Low,2,,x,
331,MP-21-0009126,Golden retriver,Mc,3,1,neg,16,2.1,34.4,4,Low,2,,x,
332,MP-21-0009116,?,Mc,10,1,neg,8,1.9,15.1,4,Low,2,,x,
333,MP-21-0009114,?,Fs,5,1,neg,15,2.2,32.7,4,Low,2,,x,
334,MP-21-0009067,Pug,Mc,7,1,neg,3.2,1.7,5.44,4,Low,2,,x,
335,MP-21-0009066,Boston Terrier,Mc,8,2,neg,4.2,2.43,10.2,4,Low,2,,x,
336,MP-21-0008905,Labrador,Fs,9,1,neg,2,1.53,3.07,4,Low,2,,x,
337,MP-21-0008131,Mixed,Fs,7,1,neg,12,1.7,19.9,4,Low,2,,x,
338,MP-21-0008119,Dachshund,Fs,11,1,neg,8,1.8,14.6,4,Low,2,,x,
339,MP-21-0008074,Pug,Mc,11,2,neg,60,4,241.7,4,Low,2,,x,
340,MP-21-0008030,Boxer,M,5,1,neg,10,1.8,17.8,4,Low,2,,x,
341,MP-21-0007959,Boston Terrier,Fs,6,1,neg,9,1.6,14.4,4,Low,2,,x,
342,MP-21-0006817,?,Mc,3,1,neg,6.4,1.73,11.09,4,Low,2,,x,
343,MP-21-0006746,Cocker Spaniel,Fs,10,1,neg,6,2.07,12.4,4,Low,2,,x,
344,MP-21-0006162,American Staffordshire,Fs,10,1,neg,15,1.9,29.1,4,Low,2,,x,
345,MP-21-0006159,Golden Retriever,Mc,2,1,neg,14,2.1,29.8,4,Low,2,,x,
346,MP-21-0006156,Mixed,Mc,5,1,neg,10,2.2,22.1,4,Low,2,,x,
347,MP-21-0007891,?,?,?,2,neg,45,3.2,142.1,4,Low,2,,x,
348,MP-21-0012057,Labrador ,Mc,9,2,neg,6,1.8,10.8,4,Low,1,,x,
349,MP-21-0008075,?,M,12,1,neg,12,1.4,16.5,4,Low,1,,x,
350,MP-21-0005617,Pug,M,4,2,neg,1.8,1.43,2.58,4,Low,1,,x,
351,MP-21-0013240,Labrador ,Fs,9,2,neg,94,2.6,244.4,4,High,3,,x,
352,MP-18-0015782 ,Maltese ,M,11,2,neg,5,1.3,6.5,4,High,3,,x,
353,MP-18-0007034,?,Fs,11,2,neg,46,3.2,147.2,4,High,3,,x,
354,MP-18-0006806 ,Golden Retriever,?,8,2,neg,81,2.7,218.7,4,High,3,,x,
355,MP-18-0002339,Mixed ,Mc,7,2,neg,59,2.1,123.9,5,High,3,sc,x,
356,MP-17-0003290-4,Labrador Retriever,Fs,14,2,neg,55,2.9,159.5,4,Low,2,,x,
357,MP-17-0003285,Mixed ,Mc,10,2,neg,50,3.2,160,4,High,2,,x,
358,MP-17-0003201 ,Schnauzer ,Fs,10,2,neg,12,2.9,34.8,4,High,3,,x,
359,MP-21-0012048,Mixed ,M,5,2,neg,46,2.6,119.6,4,High,2,,x,
360,MP-21-0011955,Labrador ,Fs,11,3,neg,60,2.7,162,4,High,2,,x,
361,MP-21-0011250 ,Boston Terrier,Fs,7,2,neg,33,1.8,59.4,4,High,2,,x,
362,MP-21-0011249 ,Shiba Inu,Fs,10,2,neg,64,2.6,166.4,4,High,2,,x,
363,MP-21-0011223 ,Mixed,M,14,2,neg,47,2.7,126.9,2,High,2,,x,
364,MP-21-0011050 ,Labrador ,Fs,3,2,neg,10,1.6,16,4,High,2,,x,
365,MP-21-0011028-1 ,?,?,?,2,neg,32,2,64,4,Low,2,,x,
366,MP-21-0010935,American Pit Bull Terrier,Fs,12,2,neg,75,3.6,270,4,High,2,sc,x,
367,MP-21-0010934,Labrador ,Fs,10,2,neg,3,1.4,4.2,4,High,2,,x,
368,MP-21-0010909,Golden Retriever,Mc,9,2,neg,65,2.2,143,4,High,2,,x,
369,MP-21-0004315 ,Labrador ,Mc,2,1,neg,12,1.7,20.4,4,High,2,,x,
370,MP-21-0002254,?,Fs,11,2,neg,85,3.5,297.5,4,High,2,,x,
371,MP-21-0000828,?,Mc,9,2,neg,54,2.6,140.4,4,High,2,,x,
372,MP-21-0000751,Mixed ,Fs,10,2,neg,16,2.3,43.7,4,High,2,,x,
373,MP-20-0009005,?,?,?,2,neg,35,3.5,122.5,4,Low,2,,x,
374,MP-20-0003304,Mixed ,M,9,2,neg,7,1.8,12.6,4,High,2,,x,
375,MP-20-0003303 ,American Staffordshire Terrier,Fs,6,1,neg,1,1.3,1.3,4,High,2,sc,x,
376,MP-19-0008490,Mixed ,Mc,8,1,neg,40,3.3,132,4,High,2,,x,
377,MP-19-0008069 ,Golden Retriever,Fs,5,2,neg,31,2.6,80.6,4,High,2,,x,
378,MP-19-0004340,Boston Terrier,Mc,1,2,neg,37,2.1,77.7,4,High,2,,x,
379,MP-19-0004313 ,?,Fs,13,2,neg,66,3.2,211.2,4,High,2,,x,
380,MP-19-0004177,Borzoi,M,7,2,neg,66,2.3,151.8,4,High,2,,x,
381,MP-19-0003053 ,Golden Retriever,Mc,9,2,neg,17,1.6,27.2,4,High,2,,x,
382,MP-19-0002956 ,Mixed ,Fs,10,2,neg,44,2.6,114.4,4,High,2,,x,
383,MP-19-0002954 ,Labrador,Mc,12,2,neg,64,2.6,166.4,4,High,2,,x,
384,MP-18-0015780,Labrador ,Mc,5,2,neg,98,3.1,303.8,4,High,2,,x,
385,MP-18-0012852 ,?,?,?,2,neg,36,1.9,68.4,4,High,2,,x,
386,MP-18-0007619,Labrador ,Fs,12,2,neg,55,2.7,148.5,4,High,2,,x,
387,MP-18-0006838,?,Mc,10,2,neg,45,4.1,184.5,4,High,2,,x,
388,MP-18-0005009 ,?,?,?,2,neg,87,2.5,217.5,4,Low,2,,x,
389,MP-18-0003707,American Pit Bull Terrier,Fs,11,2,neg,5,1.3,6.5,4,High,2,,x,
390,MP-18-0003692 ,Maltese ,Mc,8,2,neg,15,1.7,25.5,4,High,2,,x,Als 18-0003692_L2
391,MP-18-0002557,Shih Tzu,Fs,15,2,neg,45,2.4,108,4,High,2,,x,
392,MP-18-0002402,Jack Russell Terrier,Mc,12,2,neg,11,1.6,17.6,4,High,2,,x,
393,MP-18-0002401,Mixed ,Mc,7,2,neg,60,2.4,144,4,High,2,,x,
394,MP-18-0000957,Pug,Fs,10,2,neg,73,7.5,547.5,4,High,2,,x,
395,MP-17-0014077,Mixed ,Fs,7,2,neg,70,3.3,231,4,High,2,,x,
396,MP-17-0013530 ,?,Mc,12,2,neg,56,3.6,145.6,4,High,2,sc,x,
397,MP-17-0013488 ,Mixed ,Mc,4,2,neg,11,2.9,31.9,4,High,2,,x,
398,IH-21-0013306 ,Labrador ,Mc,12,2,?,22,2.6,57.2,4,High,2,,x,
399,IH-21-0013282,Mixed ,Mc,12,2,?,?,?,?,2,High,2,,x,
400,IH-18-0004964 ,?,?,?,2,?,98,1.8,176.4,2,High,2,,x,
401,MP-21-0011191,American Pit Bull Terrier,Fs,7,2,neg,3,1.3,3.9,4,Low,2,,x,Als 1841 !!
402,MP-21-0011123,?,Mc,11,2,neg,6,1.3,7.8,4,Low,2,,x,
403,MP-21-0010857,Mixed ,Fs,10,2,neg,49,2.2,107.8,4,Low,2,,x,
404,MP-21-0004398,Boxer,Fs,6,1,neg,10,1.6,16,4,Low,2,,x,
405,MP-21-0004254,Mixed ,Fs,4,1,neg,3,2,5.9,4,Low,2,,x,
406,MP-21-0004143,?,?,8,2,neg,30,2.7,81.2,4,Low,2,,x,
407,MP-21-0004141,Labrador,Fs,9,2,neg,28,2.6,73.6,4,Low,2,,x,
408,MP-21-0002336,American Pit Bull,Fs,5,2,neg,5,1.4,7,4,Low,2,,x,
409,MP-21-0002310 ,Beagle,Fs,6,2,neg,16,1.4,22.4,4,Low,2,,x,
410,MP-21-0000829 ,Mixed ,Fs,9,1,neg,19,1.8,34.2,4,Low,2,,x,
411,MP-21-0000821 ,Labrador ,?,8,2,neg,2,1.7,3.4,4,Low,2,,x,
412,MP-21-0000705 ,Staffordshire Terrier,F,2,1,neg,3,1.3,3.9,4,Low,2,,x,
413,MP-21-0000605 ,Yorkshire Terrier,Mc,8,1,neg,6,1.8,10.8,4,Low,2,,x,
414,MP-21-0000588,Mixed ,M,10,2,neg,45,2.5,112.5,4,Low,2,,x,
415,MP-21-0000544,Mixed,Mc,9,1,neg,10,1.8,18,4,Low,2,sc,x,
416,MP-21-0000522,Cocker Spaniel,Mc,12,1,neg,3,1.5,4.5,4,Low,2,,x,
417,MP-21-0000520,Mixed ,Fs,8,1,neg,2,1.4,2.8,4,Low,2,,x,
418,MP-20-0014239 ,?,Fs,7,1,neg,6,1.7,10.2,4,Low,2,,x,
419,MP-20-0014232 ,Bichon Frise,Mc,5,2,neg,7,1.6,11.2,4,Low,2,,x,
420,MP-20-0003529,?,Fs,7,2,neg,5,1.8,9,4,Low,2,,x,
421,MP-20-0003419 ,Collie,Fs,6,2,neg,22,2.1,46.2,4,Low,2,,x,
422,MP-19-0008554-2 ,French Bulldog,Fs,13,2,neg,7,1.6,11.2,4,Low,2,,x,
423,MP-19-0008539,?,Mc,5,2,neg,11,1.3,14.3,4,Low,2,,x,
424,MP-19-0008391,Mixed ,?,?,1,neg,60,2.6,156,4,Low,2,,x,
425,MP-19-0004315 ,?,Fs,9,1,neg,16,2.5,40,4,Low,2,,x,
426,MP-18-0006963 ,Boxer,Mc,6,1,neg,7,1.7,11.9,4,Low,2,,x,
427,MP-18-0005003 ,?,?,?,2,neg,31,2.4,74.4,4,Low,2,,x,
428,MP-18-0003749 ,Great Pyrenees,Fs,6,2,neg,12,1.7,20.4,4,Low,2,,x,
429,MP-18-0003683 ,Labrador ,Mc,6,2,neg,13,1.6,20.6,4,Low,2,,x,
430,MP-18-0002451,?,Fs,8,2,neg,17,1.7,28.9,4,Low,2,,x,
431,MP-17-0014094,Pug,Fs,7,2,neg,17,2,34,4,Low,2,,x,nicht auf Festpallte ! Am 18.2.22 gescannt 
432,MP-17-0013531,Mixed ,Fs,?,2,neg,38,2.3,87.4,4,Low,2,,x,
433,MP-21-0000853,Basset Hound,Mc,11,2,neg,12,1.4,16.8,4,Low,1,,x,
434,MP-21-0000225,"Poodle, Toy",Mc,7,2,neg,1.6,1.47,2.35,4,Low,1,,x,
435,MP-17-0013794 ,Boxer,Fs,4,2,neg,57,2.3,131.1,4,Low,1,,x,
